{
    "total_acc25": 0.8915785551071167,
    "free_acc25": 0.855961263179779,
    "touching_acc25": 0.9555058479309082,
    "stacked_acc25": 0.88556307554245
}