{
    "total_acc25": 0.9721949696540833,
    "free_acc25": 0.9619970321655273,
    "touching_acc25": 0.9908028841018677,
    "stacked_acc25": 0.9700677990913391
}