{
    "total_acc25": 0.9474067091941833,
    "free_acc25": 0.9363636374473572,
    "touching_acc25": 0.9700472354888916,
    "stacked_acc25": 0.9417893290519714
}