{
    "total_acc25": 0.6780794262886047,
    "free_acc25": 0.6101341247558594,
    "touching_acc25": 0.796172022819519,
    "stacked_acc25": 0.6717380285263062
}