{
    "total_acc25": 0.9548940658569336,
    "free_acc25": 0.9394187927246094,
    "touching_acc25": 0.9838429093360901,
    "stacked_acc25": 0.9507193565368652
}